{
  "config": {
    "input_size": 557,
    "hidden_size": 128,
    "num_layers": 2,
    "num_targets": 424,
    "dropout": 0.3,
    "bidirectional": true,
    "batch_size": 32,
    "learning_rate": 0.001,
    "weight_decay": 0.0001,
    "num_epochs": 100,
    "early_stopping_patience": 15,
    "lookback": 60,
    "train_ratio": 0.7,
    "val_ratio": 0.15,
    "use_enhanced": false,
    "num_workers": 4
  },
  "test_rmse": 0.02780601941049099,
  "test_mae": 0.019170161336660385,
  "test_r2": 0.0010858774185180664,
  "directional_accuracy": 0.5180248896025692,
  "baseline_rmse": 0.027821319177746773,
  "train_losses": [
    0.012914356980018499,
    0.0032863644655884766,
    0.0016533075590481664,
    0.0008917440271300332,
    0.0006979744322030101,
    0.0006500413107526739,
    0.0006337894713108587,
    0.0006154490920158512,
    0.0006076223373117788,
    0.0006020384955662871,
    0.0005945080586726119,
    0.0005934997742126764,
    0.0005877613613137794,
    0.0005845845163737355,
    0.0005836198904988832,
    0.0005816680179744186,
    0.0005811141248758337,
    0.0005795582894678796,
    0.0005774355380619853,
    0.0005776258015141981,
    0.0005773420579782574,
    0.0005766994915419916,
    0.0005762167551793249,
    0.0005761634071482481,
    0.0005763327303944473,
    0.0005754052172272988,
    0.0005754664956972502,
    0.0005751180444083108,
    0.0005749129067691861,
    0.0005745662112930426,
    0.0005746353314706783,
    0.0005745926890351878,
    0.0005741134976610405,
    0.0005736041241950105,
    0.0005728205049796621,
    0.0005724784827978555,
    0.0005723305231829105,
    0.000572166411296987,
    0.0005721020712460414,
    0.0005721068293673963,
    0.0005721593454548317,
    0.0005722134789344059,
    0.0005722044162855415,
    0.0005726747952327813,
    0.0005717444547349814,
    0.0005712527128663369,
    0.0005711982805401133,
    0.0005711062332876481,
    0.0005711024721499487,
    0.0005710737232442536,
    0.0005710409257118022,
    0.0005710355354694468,
    0.0005710370999777963,
    0.0005710295734433002,
    0.0005707316485335823,
    0.0005707354657493941,
    0.000570712579845837,
    0.0005707254160547675,
    0.0005707227037197388,
    0.0005707255686724149,
    0.0005707071377844663,
    0.0005707146100154737,
    0.0005707056879168149,
    0.0005705652899739174,
    0.0005705717762239369,
    0.0005705883458864353,
    0.0005705818319522844,
    0.0005705747728536996,
    0.0005705868129663896,
    0.0005705617258194607,
    0.0005705845489013349,
    0.0005705824768505763,
    0.0005705055263228487,
    0.0005705144903026294,
    0.0005705012505442449,
    0.0005705076249929644,
    0.0005705075401659464,
    0.0005705033715746207,
    0.000570477853549031,
    0.0005704742602907439,
    0.000570476340504772,
    0.0005704763458286435,
    0.000570478952751018,
    0.0005704757516845925,
    0.0005704591404958969,
    0.0005704521179545625,
    0.0005704632469753894,
    0.0005704536501647587,
    0.000570453357706755,
    0.0005704550876100434,
    0.0005704490716353332,
    0.0005704467440387461,
    0.0005704432540635647,
    0.0005704510379185128,
    0.0005704604959535617,
    0.0005704465310838892,
    0.0005704408160853768,
    0.000570443235607477,
    0.0005704451287761558,
    0.0005704393385335939
  ],
  "val_losses": [
    0.0005873888076166622,
    0.00037981920831953175,
    0.00036940710197086446,
    0.00034131123902625404,
    0.0003414099701330997,
    0.0003300435855635442,
    0.0003282585421402473,
    0.000321485587846837,
    0.0003179656105203321,
    0.00031626397503714543,
    0.0003149601507175248,
    0.000309567702061031,
    0.00030624646387877874,
    0.0003055361103179166,
    0.0003059062819374958,
    0.00030503036759910174,
    0.00030408180464291945,
    0.00030365571183210704,
    0.00030339326076500583,
    0.00030301837796287145,
    0.0003036431680811802,
    0.00030318027165776584,
    0.0003032078548130812,
    0.0003044927943847142,
    0.0003034003639186267,
    0.0003028321443707682,
    0.0003034609035239555,
    0.00030386266189452726,
    0.00030399419665627647,
    0.00030334740949911065,
    0.00030331154630403034,
    0.00030351156783581246,
    0.0003036424968740903,
    0.00030269775561464485,
    0.00030214034632081166,
    0.00030192242229531985,
    0.00030194201099220663,
    0.00030177247026585974,
    0.00030181967849784996,
    0.00030187634729372803,
    0.00030190420329745393,
    0.0003019258401764091,
    0.00030200528090063017,
    0.00030229797448555473,
    0.00030157635410432704,
    0.00030150182465149555,
    0.0003014440244442085,
    0.000301412785120192,
    0.00030140153648972046,
    0.0003013921577803558,
    0.0003013858477061149,
    0.0003013844743691152,
    0.00030138388865452725,
    0.0003013848872797098,
    0.0003013504028785974,
    0.00030132442952890415,
    0.0003013114856003085,
    0.0003013054683833616,
    0.00030129959304758813,
    0.0003012978413607925,
    0.000301295720419148,
    0.0003012999786733417,
    0.00030129909282550216,
    0.0003012887627846794,
    0.00030128292928566225,
    0.00030127820718917064,
    0.0003012747074535582,
    0.0003012740744452458,
    0.00030127070931484923,
    0.00030127004720270634,
    0.0003012694542121608,
    0.00030126579076750204,
    0.00030126354431558866,
    0.0003012623310496565,
    0.0003012603974639205,
    0.0003012591441802215,
    0.0003012579782080138,
    0.00030125677221803926,
    0.0003012558754562633,
    0.0003012550914718304,
    0.00030125420926196966,
    0.0003012534089066321,
    0.00030125256671453826,
    0.0003012518591276603,
    0.00030125152443361003,
    0.0003012511442648247,
    0.0003012507295352407,
    0.00030125046760076657,
    0.00030125015291559976,
    0.0003012497654708568,
    0.0003012495981238317,
    0.000301249347103294,
    0.0003012491506524384,
    0.00030124892873573117,
    0.0003012486940860981,
    0.0003012484812643379,
    0.0003012483903148677,
    0.00030124830482236575,
    0.00030124819932098035,
    0.0003012481174664572
  ],
  "best_val_metrics": {
    "loss": 0.0003012481174664572,
    "rmse": 0.024387812241911888,
    "mae": 0.017706096172332764,
    "r2": 0.0007606744766235352
  }
}