{
  "config": {
    "input_size": 557,
    "hidden_size": 128,
    "num_layers": 2,
    "num_targets": 424,
    "dropout": 0.3,
    "bidirectional": true,
    "batch_size": 32,
    "learning_rate": 0.0005,
    "weight_decay": 0.0001,
    "num_epochs": 100,
    "early_stopping_patience": 15,
    "lookback": 60,
    "train_ratio": 0.7,
    "val_ratio": 0.15,
    "num_workers": 4
  },
  "test_rmse": 0.02633623220026493,
  "test_mae": 0.01737668365240097,
  "test_r2": 0.0006467700004577637,
  "train_losses": [
    0.017573715376091145,
    0.005128656696927335,
    0.003026897475744287,
    0.0019703301201973644,
    0.0013073785687863295,
    0.0008812281413979473,
    0.0006782651284343696,
    0.0005934911286680116,
    0.00057236857052582,
    0.0005608330005391812,
    0.0005487827909833175,
    0.0005452324604404913,
    0.0005390916977332727,
    0.0005335985312870305,
    0.000532342331661355,
    0.0005299635945231698,
    0.0005313209555987712,
    0.0005255482773507191,
    0.0005307433367263348,
    0.0005202960164751858,
    0.0005187919887248427,
    0.0005206490390091425,
    0.0005174932857265784,
    0.0005176096199734491,
    0.0005211740256830429,
    0.0005241010408748739,
    0.0005201307531457306,
    0.0005177188376408248,
    0.0005181919772266632,
    0.000517940693368603,
    0.0005186969487805895,
    0.0005202838046465157,
    0.0005176603590371087,
    0.0005164169602461957,
    0.0005164608183327974,
    0.0005152590553431461,
    0.0005154848061335672,
    0.0005144425494585274,
    0.0005141662342274296,
    0.0005168374447662028,
    0.0005161503012502743,
    0.0005141837699782281,
    0.0005153170973894053,
    0.0005148010511350419,
    0.0005162764712059427,
    0.0005151296361526917,
    0.0005143383258698686,
    0.0005229542286889185,
    0.0005142328598248284,
    0.0005154734840505712,
    0.0005164211934676306,
    0.0005135080538734439,
    0.0005132494815846993,
    0.0005144205358755287,
    0.0005153839350289976,
    0.0005150530722901403,
    0.0005239746831302043,
    0.000514744793430769,
    0.0005148799093495611,
    0.0005144045516360729,
    0.000514057676939826,
    0.0005136921757920867,
    0.0005195959266053425,
    0.0005135513326552298,
    0.0005185811779007227,
    0.0005198193483963786,
    0.000514102562668822,
    0.0005157305956042061,
    0.0005146898253033647,
    0.0005135783340804101,
    0.0005139741136060495,
    0.0005133329021711168,
    0.0005189653124294377,
    0.0005149732668152345,
    0.000517035102044853,
    0.0005146605073518696,
    0.0005131513538626244,
    0.0005147058296383225
  ],
  "val_losses": [
    0.0011239488699680401,
    0.0006069365449042784,
    0.00040219061257731583,
    0.00037367809111148946,
    0.0003284856874314654,
    0.00033213869189947017,
    0.00030460466384991177,
    0.00033059009810030047,
    0.0002861845504311431,
    0.0003118649603695505,
    0.00029966641967702244,
    0.00030158554727677256,
    0.0002929541773887144,
    0.0002829646772523928,
    0.00028841233547104313,
    0.00028248437188772694,
    0.0002802863584495046,
    0.00027868916125347215,
    0.00027510080609418865,
    0.0002754870575800952,
    0.00027807596133142296,
    0.0002751224286233385,
    0.000274319094993795,
    0.0002768192579323012,
    0.0002745532595630114,
    0.0002752030122792348,
    0.00027521147017574147,
    0.00027414078067522496,
    0.00027334693489441025,
    0.0002788005108919202,
    0.0002743893435561202,
    0.00027332944025854685,
    0.00027411931498338364,
    0.00027336322818882763,
    0.0002734651772900381,
    0.0002728809162767397,
    0.0002730224191004203,
    0.00027337361017190333,
    0.0002730603219889518,
    0.00027269621366738446,
    0.00027293217620657134,
    0.00027284654788672924,
    0.000272813505337884,
    0.0002739165744666631,
    0.00027283803501632065,
    0.0002733497660503619,
    0.00027286865062908165,
    0.0002724871123468296,
    0.0002724872772685356,
    0.00027249518704290193,
    0.0002724758766513939,
    0.0002724967149940009,
    0.0002725554449069831,
    0.0002726664905720908,
    0.0002724549332116213,
    0.00027243536573627754,
    0.00027244778983812366,
    0.00027245991320038837,
    0.00027246916013407626,
    0.00027248255759736314,
    0.00027246829672043934,
    0.00027246098034083843,
    0.00027242739452049136,
    0.0002724577514325372,
    0.00027244146298875823,
    0.0002724472950730059,
    0.00027246774536454014,
    0.00027246319708259154,
    0.00027244059957512136,
    0.00027244917065319087,
    0.00027244221322083223,
    0.00027244146298875823,
    0.00027244183810479526,
    0.00027244267241460166,
    0.00027243942572062626,
    0.00027243475455583795,
    0.0002724388096895483,
    0.00027244769120847597
  ],
  "best_val_metrics": {
    "loss": 0.00027242739452049136,
    "rmse": 